Sentiment,tweet
Netral,rt self reminder selena gomez pagii morning troye sivan nyocokin zayn malik boikot indosiar
Netral,rt spac_er pagii hii aku mau giveaway alhamdulillah kemarin diterima sbmptn untuk orang perorang iya rules like rt rep do
Netral,rt gazadreamsqasim muhammad qasim bin abdul karim pakistan menjadi orang terkenal kunjungi muhammadqasimdream
Netral,selamat pagii idola sekaligus moodboster ku kezia_chibi noeey_chibi have bagus day
Netral,likekenogirl sudah tadi pagii
Netral,airaniiofifteen haruskah kita bilang selamat pagi oke pagii yopi
Netral,rt omnireaderfess pagii para pecinta angst art by sender ngomong-ngomong ada lanjutan gambarny
Netral,selamat sore maria open vcs berbayar bisa sekarang pagii wa vcs vcsreal
Netral,rt bobby_risakotta pagii sudah hari kamis saja cepat yaa tidak kerasa kasus krmt roy suryo sudah mau minggu ada yang lebih lama lagi si
Netral,captcart iyess mamaku flight pagii ngomong-ngomong ada drama koper masa lion ninggalin koper mama sama inangudaku di kno untung langsung dikirim hari ini juga kalau tidak jadi marpesta besok
Netral,truevili sudah tadi pagii
Netral,akan memelukmuu sampaai pagii
Netral,carbonarachs sudah kak tadi pagii
Netral,rt treasuremenfess pagii teume aku mau buat thread vest yang dipake treasure based on ini ada yang berkenan di tag 
Netral,rt paidihappy malhamah kubro perang besar di akhir zaman adalah tanda kiamat yang sudah di sabdakan rasulullah saw lalu dalam had
Netral,kevinraa sbmptnfess pagii kamu
Netral,sakit banget kempolku pdahal cuma senam saja tadi pagii
Positive,chachaonchi cuyanii ibu ai malam ini eh xleh aa aku masuk kje pagii penat nntii hahaha
Netral,aa bosen banget ngadepin ini dari pagii
Netral,adiinn pagii tukang isu bohong tenang saja kamu buat isu bohong fitnah caci maki sebiadab apapun kah aniesbaswedan tidak akan dilaporkan nikmatilah demokrasi
Netral,rt winteoroll haloo karena alhamdulillah aku dikasih kesempatan lolos sbm tahun ini aku mau giveaway saldo e-wallet untuk orang boleh
Netral,memang salah banget nonton drakor eve pas pagi pagii gilaa
Netral,ofcgera belumm dari pagii hehwhehehw
Netral,nyolong moots lupa siapa tadi pagii lewat hehew cubak dnk
Netral,princexsnow cerahh tadi pagii mendungg disana 
Netral,di aku malahan dari pagii tidak berhenti
Netral,pertama kali ingin memakai pagii bagi kamu yang ingin memakai pagii tapi belum tahu mulai darimana berikut dua hal yang perlu dipersiapkan untuk mulai mempermudah urusan bisnis kamu selengkapnya tanyakan langsung kah tim pagii lewat dm email atau whatsapp
Netral,rt fifikawaii hallo pagii bismillah jumat berkah semoga banyak rezeki tidak terduga datang aminm yang mau sponsoran
Netral,rt busanonni pagii mau ingetinn hari ini akan hari jumat ayo jangan lupa al-kahfi istighfar dan shalawatnya yaa inget amalan dzikir itu
Positive,itsaniff santiawigati mauu ikutt tapi biasanya aku main malam jam an sampai jam pagii
Netral,rt bakamla dan bnpt tanda tangani nota kesepahaman dalam penanggulangan terorisme beritamerahputih bakamla dan per sin
Netral,rt polri presisi mendukung pemulihan ekonomi dan reformasi struktural untuk mewujudkan indonesia tangguh indonesia tumbu
Netral,pagii guee badmood parahh asoee
Netral,notesen hayu ah besok pagii tertawa sebelum kah jogja booster dahulu stamina
Netral,rt kyujic joohhyuk selamat pagii akakk sudah bangun belum dari tempat tidur kalau belum ayo segera bangun dan sambut harimu dengan sen
Netral,selamat pagii jangan lupa bersyukur bersyukur adalah cara terbaik agar hidup terasa cukup sampai kita sendiri nyaman dengan proses kehidupan kita kaya internet indihome yang selalu bikin nyaman 
Netral,prischaputrii ohmybeautybank kak vit nya dipake setiap pagii 
Netral,softylilbuu kayanya sihh soalnya masih pagii
Netral,selamat pagii jangan lupa bersyukur bersyukur adalah cara terbaik agar hidup terasa cukup sampai kita sendiri nyaman dengan proses kehidupan kita kaya internet indihome yang selalu bikin nyaman internetnya indonesia aktivitas tanpa batas
Netral,pagii juga shell
Netral,selamat pagii jangan lupa bersyukur bersyukur adalah cara terbaik agar hidup terasa cukup sampai kita sendiri nyaman dengan proses kehidupan kita kaya internet indihome yang selalu bikin nyaman aktivitas tanpa batas internetnya indonesia
Netral,rt toko_netflix jual aplikasi premium netflix spotify disney hotstar viu wetv youtube vidio iqiyi hbo go bergaransi
Netral,rt jopromote pagii kak sobatjihan dm itsjo_oh for your prize
Netral,noothrob sparklingsn kemarin malam sekarang sudah pagii bang
Netral,elfredafah selamat pagii elfreda jangan lupa makann
Netral,umbrellaa academy sudah habis daa adamm pagii tadii erghh geram dengan satu character tuu
Netral,rermaja pagii ashh
Netral,frotlops pagii sudah makan miee
Netral,rt selamat pagii open vcs sange bisa sekarang cek rr vcscolmek vcstrusted
Netral,selamat pagii open vcs sange bisa sekarang cek rr vcscolmek vcstrusted
Netral,selamat pagii duniaa
Netral,urbumi iyh pagii
Netral,rt hello selamat pagii
Netral,fujisakiyukari pagii sayaangg
Netral,jakehooncere tadi pagii tidak sempat lihat
Netral,weplay academy league dota champions league rb cup y-games profesional series playslots playslots esportid dota menhan prabowo mie ayam tong lee min ho mahasewa papua tukang bakso per di per korupsi lagi pagii muhammad gaskesolo she 's sbmptn morningg jatengisblue
Positive,australia victoria national premier league china football super league playslots playslots gacor sportbook sportbookindonesia bolaindonesia menhan prabowo mie ayam tong lee min ho mahasewa papua tukang bakso per di per korupsi lagi pagii muhammad gaskesolo she 's
Positive,rt selamat pagii wish you more
Netral,ireland premier division argentina liga profesional brazil serie playslots playslots gacor sportbook sportbookindonesia bolaindonesia menhan prabowo mie ayam tong lee min ho mahasewa papua tukang bakso per di per korupsi lagi pagii muhammad gaskesolo she 's sbmptn
Positive,hari ini chaotic banget dari pagii dari mulai taehyung kah paris dengan outfit maungnya mv left and right yang terlambat uploadnya terus bhm bantah rumor wedding namjoon
Netral,indonesia president cup playslots playslots gacor sportbook sportbookindonesia bolaindonesia menhan prabowo mie ayam tong lee min ho mahasewa papua tukang bakso per di per korupsi lagi pagii muhammad gaskesolo she 's sbmptn
Netral,saja tahu dari tiktok tadi pagii sudah di bantah bguss
Netral,jadi dari pagii saja yekan
Netral,mayescantik tertawa pagii yess dari manusia ygvbaru bangunnb
Netral,faxreyy pagii faa meskipun sekarang sudah siang sih he
Netral,yjizhuo selamat pagii
Positive,rt vcslendirhb pagii yang sangean sudah ready ini open vcs nya tele jilbabtogereal vcs
Positive,pagii yang sangean sudah ready ini open vcs nya tele jilbabtogereal vcs
Netral,rt jupitabohay morningg pagii begini tidak nahan pingin basah bareng sama kamu retweet like dan tidak
Netral,pagii juga kell yeyy selamat buat yang lolos ngomong-ngomong anya forger siapa kelurahan anime kah callie answer
Netral,ngumpulin mood mandi dari tadi pagii
Netral,banjarbase ada di samping masjid agung tiap pagii
Netral,selamaat pagii daddyy ayo kasih aku saham sama dong
Netral,emosi banget astaqfirullah dari pagii
Positive,njee_la eh hahaha baru bangun jadi masih pagii
Netral,llvngkjk pagii terlambat di
Netral,selamat pagii
Netral,rt sstrapinggiran aku ingin melarikan diri dari kata-kata mereka utbk indomie tidur innal
Netral,rt sstrapinggiran shollu 'ala nabi muhammad doggy mumun jupiter ceritaserem tidur detik kebangun selamat iya mah
Netral,rt sstrapinggiran semua lantunan berasal dari kedua matamu kasih planetsejajar jupiter mumun doggy per
Netral,asakurasuccubus madeltangapung pagii kakak asaa madeltagapung itu madelta goreng tepung iya wkwkwkwk just kidding om madel ehhehe
Netral,petiuebrina sekalinya open bakal open terus kok brinn biasa sampai pagii join ajaa
Netral,rt eleneaby selamat pagii jangan lupa sarapan yoehyon caiyinf aeriselile parkjuhyun zwonyoo zyozyu urbonaya bsc
Netral,missufe pagii makjii
Netral,lm pagii ada yang need jastag start saja di tag dari pagi sering on sampai tengah malam avail all spec rep saja yaa
Netral,thisjiro pagii raa sudah makan belum
Netral,senjuholic pagii sey
Netral,floydian pagii amin doa yang sama kka
Netral,lagian ide siapa si terima rapor menjelang sore gituu padahal biasanya pagii
Netral,flluffyy pagii bestiee
Netral,selamat pagii jangan lupa sarapan yoehyon caiyinf aeriselile parkjuhyun zwonyoo zyozyu urbonaya bscenejz irenerbae
Netral,istrimudaitto pagii kak jangan bilang baru bangun lagi
Netral,ohjuvnseok terlambat banget tapi pagii kak
Netral,fujisakiyukari pagii yukaa
Netral,dapat motivasi bangun pagii
Netral,embvul pagii ameng
Netral,missufe selamat pagii makji
Netral,rt joyyrawr pagii wts youngeun zoom pout
Netral,unicornmwg tertawa pagii kak
Netral,klaeljw pagii menuju siangg
Netral,pagii cantik 
Netral,rt jakzeo minggeuri ayaangg selamat pagii
Netral,naashc udhh tadi pagii kamuu 
Netral,souwbek pagii
Netral,jaleiueo pagii jugaa
Netral,almondsoob pagii kak sudah man
Netral,missufe halow makjii pagii
Netral,klaeljw pagii ini sudah siank ynkk
Positive,lagu pop nya nayeon enak banget wehh fresh saja gtu bawaannya enak ini kalau diputer pagi-pagii dan ya oleh dan per oleh per dan ya oleh dan nayeon solo debut
Netral,pagii sayang
Netral,xoxochaell pagii juga tapi ini sudah siang
Netral,pagii kakk aku mau komen lagi buat ramein he jadi aku ikut giveaway ini buat kasih tiketnya kah teman akuu bismillah wish me luck 
Netral,xbrianxc pagii sholat jumat tidak kamu
Netral,pagii menjelang siang
Netral,si_anakbaiq selamatt pagii
Netral,pagii smuaa kalian kangen aku gaa
Netral,sojuapell pagii ayangi
Netral,missufe haloo haloo makji selamat pagii
Netral,si_anakbaiq pagii juga
Netral,secretmessagefs ztctica aipiggystar abangbacon anataisme chansrlue hy_axlfa ppcyna shaselenophile rajnctton bojoneceye bunnycitizen bmyworid baconlyy babehnyatoben chnloeyxo hyunndaa pagii nderr semoga harimu minggu selalu
Netral,selamat pagii all dari aku yang baru balik dari kampus
Positive,rt qkimwinter hai akak akak selamat pagii enjoy your breakfast ltzyiucy lwihayi chaellnci qsihyeon qkimwinter
Netral,semangat pagii bp redii
Netral,pagii ashelia
Netral,zimjalabim pagii janlupa jumatann
Netral,missufe pagii makjii selamat hari jumat
Netral,missufe pagii makjii disana ujan tidak makji
Netral,zoidiek hai selamat pagii
Netral,missufe pagii makjii baru bangun kah
Netral,pagii kak mari jajan di aku
Netral,missufe selamat pagii makjii
Netral,rannboww pagii om
Netral,xoxochaell selamat pagii
Netral,bxstarxd belumm jam jadii masih jam pagii
Netral,pagii guyss sinii yang cari-cari netflix di aku jual netflix murah bangett nomor vpn saja yaa profil orang anti screen limit order bisaa langsung dapat akunn gaperlu menunggu testii cek ig orcidstore dm zonaba zonajajan zonauang
Positive,rt pagii kak sudah ready ini doggy
Positive,pagii kak sudah ready ini doggy
Netral,sheilapranindia enaknya pulang gasikk gaenaknya bangun pagii banget
Netral,fouiove pagii acyy dan mengg
Netral,aji_hanapi pagii aji
Netral,almetyellow pagii juga almet yang akan kita pakai tahun
Netral,pagii jugaa cell sudah standby di lab
Netral,avampsound pagii sudah dong kamu bagaimana
Netral,wakasavv pagii ashaa
Netral,pjhthekid pagii kecee adaa akuu
Netral,muhrafii pagii
Netral,rt nurazizashima setiap manusia tidak luput dari kekurangan serta kelebihannya masing-masing hari rabu pagii amel tangannya
Netral,nolanswer pagii nolan
Netral,selamat pagii pren
Netral,pagii acell semangatt hari inii jangan lupaa semangatt yaa
Netral,baseumuller pagii eyangg aku males mandi aa aku deg deg deg deg
Netral,pagii kakk
Netral,rt selamat pagii guyss malam ini aku ngemod tapi karena nyambi kesibukan shooting aku ngemod sod ajh tapi ada terms and cond sebagai berikut nomor
Netral,starcheist pagii keii
Netral,dienosauruce pagii
Netral,pagii ada yang punya soal mandiri unsri usm unsri yang soshum nya 
Netral,pagii dedek
Positive,rt pagii sayang open vcs real dijamin trusted wa vcs
Netral,pagii jangan lupa makan
Netral,pagii sayang open vcs berbayar notipu noribet bisa skrng vcs
Netral,pagii juga
Netral,pagii juga janlup sarapan cel
Positive,iinjaehyun ok selamat pagii sudah sarapan belum
Netral,mounsoeil pagii balas dmku
Netral,sadieysink hah memang jam sudah siang aku kira masih pagii
Netral,pagii wts youngeun zoom pout
Netral,pagii om
Netral,pagii teree masi nge boti terus iya sampai pagi
Netral,rada takutt t__t walau masi pagii
Netral,glavcous pagii nao jangan lupa sarapan yaa kalau belomm
Netral,pagii kembali kentang have bagus day yaa
Netral,nomincotyq pagii kak cell
Netral,kayinkiyowo pagii masyallah cangtip bgett
Netral,moonareas pagii bestiee
Netral,rt event terbatas ayoo bosku lakukan deposit dan dapatkan bonusnya bosku deposit dapat deposit
Netral,jagadbagaskara pagii juga jagadd jangan lupa sarapan
Netral,pagii aceliaa semangatt todayy
Netral,winwinwinac pagii jugaa
Netral,nctzh pagii mampir kah mk fewtweetsnya yuuk
Netral,mounsoeil bonbin pagii
Positive,pagii sayang open vcs real dijamin trusted wa vcs
Netral,pagii jugaa aceliaa
Negative,shjeonginie pagii shaky
Netral,pagii aku baru bangun
Netral,ayypeachful pagii selamat menjalani hari ini haraa
Netral,pagii juga cantikk
Netral,pagii floraa gantii avatar yaa 
Netral,pagii tertawa
Netral,ra_charmangel pagii fara
Netral,shjeonginie pagii juga
Netral,suyeonaddict pagii belumm hbu kiya
Netral,pagii menuju siang acell
Netral,lovelypjwo pagii jangan lupa tidur lagii
Positive,pagii oll ayo open order iya nomor vpn murce legal trusted dan bergaransi sudah banyak testi di bio fsr mencari app prems lainnya cek pin saja netflix wetv disney iqiyi spotify youtube kuota pulsa register wtb wts zonauang
Netral,rt mslmh_id saudariku berhati-hatilah dengan dosa syirik terkadang seseorang terjerumus kah dalam dosa syirik sedangkan dia tidak me
Netral,anfrouxia pagii jia
Positive,hai akak akak selamat pagii enjoy your breakfast jmkarimin nideunii seeunsy aeningningh yoehyon
Netral,pagii mari memulai hari dengan lagu ini
Netral,pagii cel kangen ini
Netral,pagi pagii pagii
Netral,pagii cel
Netral,pagii adzana
Netral,pagii adzanaluv
Netral,pagii aceluvv semangat pagi
Netral,kakutcho pagii ini msih tdur
Netral,eikoyukashi pagii eh tidak lanjut turu kembali kah eiko san kwkwkw
Netral,anfrouxia pagii jiaa eh ngomong-ngomong aku jadi bngun jam krna tidur cepat
Netral,nomincotyq pagii cell
Netral,rt informasi slot gacor dan pola hari ini bosku ayoo di gaskan spin menangkan withdraw berapapun kemenangan pasti kami
Netral,azkaafauzan pagii jugaa
Netral,secretmessagefs nanamjoonie sugarrnunim rangwaraslah nocivante parkminihoonie altheaathanasia rhmwt_rjshjjv taekkeoya uarhope prettytekook euphoriaudy mygenth faranisasky seokjinlogyy yoonssx yoursjimin jhhopebts xmyyoung piwgiest moonszip moonfiora jincardia frxkook busanjungkookie jkvkoo taevran ppublicbutter luvjinkim babytaefloat millktaetea dt_vjm mrsjimnie fzksjn tataacyra cellainax jjkmcmxcvii pagii juga sini muncul dong jangan sembunyi teruss
Netral,selamat pagii kakak acell semangat todayy
Netral,pagii cantikk jangan lupa makan
Netral,pagii jangan lupa beli konten nana
Netral,pagii adzanaa
Netral,pagii jugaa
Netral,pagii cel semangat iya buat hari ini
Netral,pagii cell
Netral,lattematchahot pagii juga
Netral,pagii juga semangat shownya hari ini
Netral,pagii mbak adzanaa
Netral,jerryxco masii pagii
Netral,pagii acell gmna smlm capek gaa smgtt trss yaa
Netral,pagii acell semangat todayy
Netral,pagii sarapan apa cel
Netral,pagii aceliaa sayangkuu
Netral,pagii cantik
Netral,nanamjoonie sugarrnunim flauest rangwaraslah nocivante parkminihoonie altheaathanasia rhmwt_rjshjjv taekkeoya uarhope prettytekook euphoriaudy mygenth faranisasky seokjinlogyy yoonssx yoursjimin jhhopebts xmyyoung piwgiest moonszip moonfiora jincardia frxkook busanjungkookie jkvkoo taevran ppublicbutter luvjinkim babytaefloat millktaetea dt_vjm mrsjimnie fzksjn tataacyra cellainax jjkmcmxcvii pagii kangen akuu tidak xixii from sayang taehyung
Netral,parxzza pagii untuk too yaa
Netral,pagii selamat
Positive,hai akak akak selamat pagii enjoy your breakfast ltzyiucy lwihayi chaellnci qsihyeon qkimwinter
Netral,airaniiofifteen pagii yopii
Netral,njmgarden pagii jjgaa
Netral,jwupiterz pagii juraa
Netral,haii pagii semuanyaa 
Netral,pagii raraa
Netral,pagii meng gemes
Netral,pagii yang lebih kece
Netral,chirengi pagii yang diawali dengan badmood
Netral,uryermiese pagii barusan makan nasi bungkus
Netral,akunnyaaylaa pagii yank lagi tidak punya pekerjaan
Netral,livxvyy pagii kamu
Netral,sadsienk selamat pagii
Netral,skujikk pagii kaa erikaa smoga bahagia selalu sama sayang nyaa avv
Netral,simjaeuun udaa itt tadi pagii spertiny aku mau nonton film saja ada rekomen tidak katamu film yang bagus
Netral,cuma pagii ada yang mau isis kuesioner tidak kriteria punya aplikasi my telkomsel butuh orang gais
Netral,zezebaeze syhunx tenang trnangg ayo kita chill gaiss masih pagii tertawa
Netral,bytaegist pagii pak
Netral,auvers pagii ayo mampir kah one tweet aku baru up tadi ini jangan lupa tinggalkan jejak yaa
Netral,jakaadhinanta pagii nantaa hari ini cuma dirumah saja tidak kemana
Netral,hellaw erpibadeh selamat pagii
Netral,rt winterkejut ekhm pagii sudah sayang aku belum hari ini subtadikamezra nestfestivale piecesinheart
Netral,lovelypjwo pagii yank
Netral,jhncityx pagii kak sapiyy
Netral,levitaniae pagii adekk lama tidak kelihatan bagaimana kabarnyaa
Netral,heartzbeat pagii nunaa tidak ada kelas saatnya tidur lagii
Netral,ethvers haii selamat pagii mutualan yukk tap avatar sender haechan pakai baju oren jangan lupa facebook iya 
Netral,rt nctzhalu askzh pagii mari kita saling hype angkatan udara yukk janji hb yaa 
Netral,rt nctzhalu askzh pagii ayo saling hype angkatan udara jhb yaa
Netral,pawangsanemi selamat pagii ellii bagaimana kabarnyaa
Netral,amj jajanan pagii dom bogor mrminyoongii
Netral,jakaadhinanta pagii nantaa aku harii ini mau beres-beres kamar saja sihh ngomong-ngomong aku now watching pamer aku dapat peringkat satu di sekolahh
Netral,flyingwithstar olma kamu mksdnya kami kd di selamat di pagii ayha kdpp
Netral,pagii koko
Netral,airaniiofifteen pagii bebb
Netral,ccunarin pagii jangan lupa sarapan 
Netral,coba deh bilang kah diri sendiri terima kasih iya sudah bertahan sampai sejauh ini pagii selamatyaa jerawat acnefighter acne skincareproducts skincareroutine skincaretips skincare foreva
Netral,gorgarinn halo mbak cantik selamat pagii
Netral,bismillah semangat pagii
Netral,bissmillah selamat pagii
Positive,haii pagii jogja sayangg ready iya buat hari ini bo vcs wa bojogja avail jogja open ojogja
Netral,gieviancent pagii kak yaan
Netral,cookyluvly pagii selamat
Netral,hourlyimel pagii dik
Netral,allstuddy mett pagii baru bangu
Netral,aksellioo pagii aksel
Netral,lyafuyurin pagii fuyuu
Netral,pemadamkresahan pagii bang
Netral,pagii lucu banget kucingnya
Netral,pulang pergi pagii kak kalau mau un sini dm silverxtne langsung dikerjain sekarang juga fee nya diakhir setelah un yaa biasa semi permanen ayo langsung dm kah silverxtne atau wa yang ada di bio nya cont
Netral,lm pagii kak kalau mau un sini dm silverxtne langsung dikerjain sekarang juga fee nya diakhir setelah un yaa biasa semi permanen ayo langsung dm kah silverxtne atau wa yang ada di bio nya cont
Netral,anyaliuu pagii terapisnya egg aku baik kokk hbu 
Netral,hyuunnby pagii debby
Netral,najj masi pagii yaallah th_th iddreamsweet terima kasih your support dan doa nya buat aku yaa
Netral,evelynntsyaa pagii kak evee
Netral,lufiynojen pagii syakirr
Netral,pagii kak kalau mau un sini dm silverxtne langsung dikerjain sekarang juga fee nya diakhir setelah un yaa biasa semi permanen langsung dm kah silverxtne atau wa yang ada di bio nya cont
Netral,lyafuyurin pagii fuyu 
Netral,pagii semangat iya kamu hari ini have bagus day
Netral,pagii sudah mau siang nii
Netral,nacoirei pagii rei semangat menjalani harinya
Netral,siyxteen pagii kak grizz jangan lupa sarapann
Netral,semangat pagii masih open commission yaa maaf jarang apdet yang mau order jasa gambar bisa langsung chat saja link wa di bio yaa
Netral,suunlights pagii jgaa jangan lupaa sarapann
Netral,jjeteenz pagii marje have bagus dayy yapp bagaimana tidurnyaa
Netral,radiodbsfm pagii kak mau request calum scott feat lyodra heaven salam buat semua saja yangagi dengarkan trimakasih iya
Netral,masih pagii kepala sudah panas saja hiihh
Netral,aidamandry pagii pott yes amin iya rabb
Netral,rt pagii solo yang mau isislot expobali saya ditggu yy all thnkyy
Netral,fafaismebaby pagii aku belum padahal
