tweet,Sentiment
rt self reminder selena gomez pagii morning troye sivan nyocokin zayn malik boikot indosiar,0
rt spac_er pagii hii aku mau giveaway alhamdulillah kemarin diterima sbmptn untuk orang perorang iya rules like rt rep do,0
rt gazadreamsqasim muhammad qasim bin abdul karim pakistan menjadi orang terkenal kunjungi muhammadqasimdream,0
selamat pagii idola sekaligus moodboster ku kezia_chibi noeey_chibi have bagus day,0
likekenogirl sudah tadi pagii,0
airaniiofifteen haruskah kita bilang selamat pagi oke pagii yopi,0
rt omnireaderfess pagii para pecinta angst art by sender ngomong-ngomong ada lanjutan gambarny,0
selamat sore maria open vcs berbayar bisa sekarang pagii wa vcs vcsreal,0
rt bobby_risakotta pagii sudah hari kamis saja cepat yaa tidak kerasa kasus krmt roy suryo sudah mau minggu ada yang lebih lama lagi si,0
captcart iyess mamaku flight pagii ngomong-ngomong ada drama koper masa lion ninggalin koper mama sama inangudaku di kno untung langsung dikirim hari ini juga kalau tidak jadi marpesta besok,0
truevili sudah tadi pagii,0
akan memelukmuu sampaai pagii,0
carbonarachs sudah kak tadi pagii,0
rt treasuremenfess pagii teume aku mau buat thread vest yang dipake treasure based on ini ada yang berkenan di tag ,0
rt paidihappy malhamah kubro perang besar di akhir zaman adalah tanda kiamat yang sudah di sabdakan rasulullah saw lalu dalam had,0
kevinraa sbmptnfess pagii kamu,0
sakit banget kempolku pdahal cuma senam saja tadi pagii,0
chachaonchi cuyanii ibu ai malam ini eh xleh aa aku masuk kje pagii penat nntii hahaha,1
aa bosen banget ngadepin ini dari pagii,0
adiinn pagii tukang isu bohong tenang saja kamu buat isu bohong fitnah caci maki sebiadab apapun kah aniesbaswedan tidak akan dilaporkan nikmatilah demokrasi,0
rt winteoroll haloo karena alhamdulillah aku dikasih kesempatan lolos sbm tahun ini aku mau giveaway saldo e-wallet untuk orang boleh,0
memang salah banget nonton drakor eve pas pagi pagii gilaa,0
ofcgera belumm dari pagii hehwhehehw,0
nyolong moots lupa siapa tadi pagii lewat hehew cubak dnk,0
princexsnow cerahh tadi pagii mendungg disana ,0
di aku malahan dari pagii tidak berhenti,0
pertama kali ingin memakai pagii bagi kamu yang ingin memakai pagii tapi belum tahu mulai darimana berikut dua hal yang perlu dipersiapkan untuk mulai mempermudah urusan bisnis kamu selengkapnya tanyakan langsung kah tim pagii lewat dm email atau whatsapp,0
rt fifikawaii hallo pagii bismillah jumat berkah semoga banyak rezeki tidak terduga datang aminm yang mau sponsoran,0
rt busanonni pagii mau ingetinn hari ini akan hari jumat ayo jangan lupa al-kahfi istighfar dan shalawatnya yaa inget amalan dzikir itu,0
itsaniff santiawigati mauu ikutt tapi biasanya aku main malam jam an sampai jam pagii,1
rt bakamla dan bnpt tanda tangani nota kesepahaman dalam penanggulangan terorisme beritamerahputih bakamla dan per sin,0
rt polri presisi mendukung pemulihan ekonomi dan reformasi struktural untuk mewujudkan indonesia tangguh indonesia tumbu,0
pagii guee badmood parahh asoee,0
notesen hayu ah besok pagii tertawa sebelum kah jogja booster dahulu stamina,0
rt kyujic joohhyuk selamat pagii akakk sudah bangun belum dari tempat tidur kalau belum ayo segera bangun dan sambut harimu dengan sen,0
selamat pagii jangan lupa bersyukur bersyukur adalah cara terbaik agar hidup terasa cukup sampai kita sendiri nyaman dengan proses kehidupan kita kaya internet indihome yang selalu bikin nyaman ,0
prischaputrii ohmybeautybank kak vit nya dipake setiap pagii ,0
softylilbuu kayanya sihh soalnya masih pagii,0
selamat pagii jangan lupa bersyukur bersyukur adalah cara terbaik agar hidup terasa cukup sampai kita sendiri nyaman dengan proses kehidupan kita kaya internet indihome yang selalu bikin nyaman internetnya indonesia aktivitas tanpa batas,0
pagii juga shell,0
selamat pagii jangan lupa bersyukur bersyukur adalah cara terbaik agar hidup terasa cukup sampai kita sendiri nyaman dengan proses kehidupan kita kaya internet indihome yang selalu bikin nyaman aktivitas tanpa batas internetnya indonesia,0
rt toko_netflix jual aplikasi premium netflix spotify disney hotstar viu wetv youtube vidio iqiyi hbo go bergaransi,0
rt jopromote pagii kak sobatjihan dm itsjo_oh for your prize,0
noothrob sparklingsn kemarin malam sekarang sudah pagii bang,0
elfredafah selamat pagii elfreda jangan lupa makann,0
umbrellaa academy sudah habis daa adamm pagii tadii erghh geram dengan satu character tuu,0
rermaja pagii ashh,0
frotlops pagii sudah makan miee,0
rt selamat pagii open vcs sange bisa sekarang cek rr vcscolmek vcstrusted,0
selamat pagii open vcs sange bisa sekarang cek rr vcscolmek vcstrusted,0
selamat pagii duniaa,0
urbumi iyh pagii,0
rt hello selamat pagii,0
fujisakiyukari pagii sayaangg,0
jakehooncere tadi pagii tidak sempat lihat,0
weplay academy league dota champions league rb cup y-games profesional series playslots playslots esportid dota menhan prabowo mie ayam tong lee min ho mahasewa papua tukang bakso per di per korupsi lagi pagii muhammad gaskesolo she 's sbmptn morningg jatengisblue,0
australia victoria national premier league china football super league playslots playslots gacor sportbook sportbookindonesia bolaindonesia menhan prabowo mie ayam tong lee min ho mahasewa papua tukang bakso per di per korupsi lagi pagii muhammad gaskesolo she 's,1
rt selamat pagii wish you more,1
ireland premier division argentina liga profesional brazil serie playslots playslots gacor sportbook sportbookindonesia bolaindonesia menhan prabowo mie ayam tong lee min ho mahasewa papua tukang bakso per di per korupsi lagi pagii muhammad gaskesolo she 's sbmptn,0
hari ini chaotic banget dari pagii dari mulai taehyung kah paris dengan outfit maungnya mv left and right yang terlambat uploadnya terus bhm bantah rumor wedding namjoon,1
indonesia president cup playslots playslots gacor sportbook sportbookindonesia bolaindonesia menhan prabowo mie ayam tong lee min ho mahasewa papua tukang bakso per di per korupsi lagi pagii muhammad gaskesolo she 's sbmptn,0
saja tahu dari tiktok tadi pagii sudah di bantah bguss,0
jadi dari pagii saja yekan,0
mayescantik tertawa pagii yess dari manusia ygvbaru bangunnb,0
faxreyy pagii faa meskipun sekarang sudah siang sih he,0
yjizhuo selamat pagii,0
rt vcslendirhb pagii yang sangean sudah ready ini open vcs nya tele jilbabtogereal vcs,1
pagii yang sangean sudah ready ini open vcs nya tele jilbabtogereal vcs,1
rt jupitabohay morningg pagii begini tidak nahan pingin basah bareng sama kamu retweet like dan tidak,0
pagii juga kell yeyy selamat buat yang lolos ngomong-ngomong anya forger siapa kelurahan anime kah callie answer,0
ngumpulin mood mandi dari tadi pagii,0
banjarbase ada di samping masjid agung tiap pagii,0
selamaat pagii daddyy ayo kasih aku saham sama dong,0
emosi banget astaqfirullah dari pagii,0
njee_la eh hahaha baru bangun jadi masih pagii,1
llvngkjk pagii terlambat di,0
selamat pagii,0
rt sstrapinggiran aku ingin melarikan diri dari kata-kata mereka utbk indomie tidur innal,0
rt sstrapinggiran shollu 'ala nabi muhammad doggy mumun jupiter ceritaserem tidur detik kebangun selamat iya mah,0
rt sstrapinggiran semua lantunan berasal dari kedua matamu kasih planetsejajar jupiter mumun doggy per,0
asakurasuccubus madeltangapung pagii kakak asaa madeltagapung itu madelta goreng tepung iya wkwkwkwk just kidding om madel ehhehe,0
petiuebrina sekalinya open bakal open terus kok brinn biasa sampai pagii join ajaa,0
rt eleneaby selamat pagii jangan lupa sarapan yoehyon caiyinf aeriselile parkjuhyun zwonyoo zyozyu urbonaya bsc,0
missufe pagii makjii,0
lm pagii ada yang need jastag start saja di tag dari pagi sering on sampai tengah malam avail all spec rep saja yaa,0
thisjiro pagii raa sudah makan belum,0
senjuholic pagii sey,0
floydian pagii amin doa yang sama kka,0
lagian ide siapa si terima rapor menjelang sore gituu padahal biasanya pagii,0
flluffyy pagii bestiee,0
selamat pagii jangan lupa sarapan yoehyon caiyinf aeriselile parkjuhyun zwonyoo zyozyu urbonaya bscenejz irenerbae,0
istrimudaitto pagii kak jangan bilang baru bangun lagi,0
ohjuvnseok terlambat banget tapi pagii kak,0
fujisakiyukari pagii yukaa,0
dapat motivasi bangun pagii,0
embvul pagii ameng,0
missufe selamat pagii makji,0
rt joyyrawr pagii wts youngeun zoom pout,0
unicornmwg tertawa pagii kak,0
klaeljw pagii menuju siangg,0
pagii cantik ,0
rt jakzeo minggeuri ayaangg selamat pagii,0
naashc udhh tadi pagii kamuu ,0
souwbek pagii,0
jaleiueo pagii jugaa,0
almondsoob pagii kak sudah man,0
missufe halow makjii pagii,0
klaeljw pagii ini sudah siank ynkk,0
lagu pop nya nayeon enak banget wehh fresh saja gtu bawaannya enak ini kalau diputer pagi-pagii dan ya oleh dan per oleh per dan ya oleh dan nayeon solo debut,1
pagii sayang,0
xoxochaell pagii juga tapi ini sudah siang,0
pagii kakk aku mau komen lagi buat ramein he jadi aku ikut giveaway ini buat kasih tiketnya kah teman akuu bismillah wish me luck ,0
xbrianxc pagii sholat jumat tidak kamu,0
pagii menjelang siang,0
si_anakbaiq selamatt pagii,0
pagii smuaa kalian kangen aku gaa,0
sojuapell pagii ayangi,0
missufe haloo haloo makji selamat pagii,0
si_anakbaiq pagii juga,0
secretmessagefs ztctica aipiggystar abangbacon anataisme chansrlue hy_axlfa ppcyna shaselenophile rajnctton bojoneceye bunnycitizen bmyworid baconlyy babehnyatoben chnloeyxo hyunndaa pagii nderr semoga harimu minggu selalu,0
selamat pagii all dari aku yang baru balik dari kampus,0
rt qkimwinter hai akak akak selamat pagii enjoy your breakfast ltzyiucy lwihayi chaellnci qsihyeon qkimwinter,1
semangat pagii bp redii,0
pagii ashelia,0
zimjalabim pagii janlupa jumatann,0
missufe pagii makjii selamat hari jumat,0
missufe pagii makjii disana ujan tidak makji,0
zoidiek hai selamat pagii,0
missufe pagii makjii baru bangun kah,0
pagii kak mari jajan di aku,0
missufe selamat pagii makjii,0
rannboww pagii om,0
xoxochaell selamat pagii,0
bxstarxd belumm jam jadii masih jam pagii,0
pagii guyss sinii yang cari-cari netflix di aku jual netflix murah bangett nomor vpn saja yaa profil orang anti screen limit order bisaa langsung dapat akunn gaperlu menunggu testii cek ig orcidstore dm zonaba zonajajan zonauang,0
rt pagii kak sudah ready ini doggy,1
pagii kak sudah ready ini doggy,1
sheilapranindia enaknya pulang gasikk gaenaknya bangun pagii banget,0
fouiove pagii acyy dan mengg,0
aji_hanapi pagii aji,0
almetyellow pagii juga almet yang akan kita pakai tahun,0
pagii jugaa cell sudah standby di lab,0
avampsound pagii sudah dong kamu bagaimana,0
wakasavv pagii ashaa,0
pjhthekid pagii kecee adaa akuu,0
muhrafii pagii,0
rt nurazizashima setiap manusia tidak luput dari kekurangan serta kelebihannya masing-masing hari rabu pagii amel tangannya,0
nolanswer pagii nolan,0
selamat pagii pren,0
pagii acell semangatt hari inii jangan lupaa semangatt yaa,0
baseumuller pagii eyangg aku males mandi aa aku deg deg deg deg,0
pagii kakk,0
rt selamat pagii guyss malam ini aku ngemod tapi karena nyambi kesibukan shooting aku ngemod sod ajh tapi ada terms and cond sebagai berikut nomor,0
starcheist pagii keii,0
dienosauruce pagii,0
pagii ada yang punya soal mandiri unsri usm unsri yang soshum nya ,0
pagii dedek,0
rt pagii sayang open vcs real dijamin trusted wa vcs,1
pagii jangan lupa makan,0
pagii sayang open vcs berbayar notipu noribet bisa skrng vcs,0
pagii juga,0
pagii juga janlup sarapan cel,0
iinjaehyun ok selamat pagii sudah sarapan belum,1
mounsoeil pagii balas dmku,0
sadieysink hah memang jam sudah siang aku kira masih pagii,0
pagii wts youngeun zoom pout,0
pagii om,0
pagii teree masi nge boti terus iya sampai pagi,0
rada takutt t__t walau masi pagii,0
glavcous pagii nao jangan lupa sarapan yaa kalau belomm,0
pagii kembali kentang have bagus day yaa,0
nomincotyq pagii kak cell,0
kayinkiyowo pagii masyallah cangtip bgett,0
moonareas pagii bestiee,0
rt event terbatas ayoo bosku lakukan deposit dan dapatkan bonusnya bosku deposit dapat deposit,0
jagadbagaskara pagii juga jagadd jangan lupa sarapan,0
pagii aceliaa semangatt todayy,0
winwinwinac pagii jugaa,0
nctzh pagii mampir kah mk fewtweetsnya yuuk,0
mounsoeil bonbin pagii,0
pagii sayang open vcs real dijamin trusted wa vcs,1
pagii jugaa aceliaa,0
shjeonginie pagii shaky,-1
pagii aku baru bangun,0
ayypeachful pagii selamat menjalani hari ini haraa,0
pagii juga cantikk,0
pagii floraa gantii avatar yaa ,0
pagii tertawa,0
ra_charmangel pagii fara,0
shjeonginie pagii juga,0
suyeonaddict pagii belumm hbu kiya,0
pagii menuju siang acell,0
lovelypjwo pagii jangan lupa tidur lagii,0
pagii oll ayo open order iya nomor vpn murce legal trusted dan bergaransi sudah banyak testi di bio fsr mencari app prems lainnya cek pin saja netflix wetv disney iqiyi spotify youtube kuota pulsa register wtb wts zonauang,1
rt mslmh_id saudariku berhati-hatilah dengan dosa syirik terkadang seseorang terjerumus kah dalam dosa syirik sedangkan dia tidak me,0
anfrouxia pagii jia,0
hai akak akak selamat pagii enjoy your breakfast jmkarimin nideunii seeunsy aeningningh yoehyon,1
pagii mari memulai hari dengan lagu ini,0
pagii cel kangen ini,0
pagi pagii pagii,0
pagii cel,0
pagii adzana,0
pagii adzanaluv,0
pagii aceluvv semangat pagi,0
kakutcho pagii ini msih tdur,0
eikoyukashi pagii eh tidak lanjut turu kembali kah eiko san kwkwkw,0
anfrouxia pagii jiaa eh ngomong-ngomong aku jadi bngun jam krna tidur cepat,0
nomincotyq pagii cell,0
rt informasi slot gacor dan pola hari ini bosku ayoo di gaskan spin menangkan withdraw berapapun kemenangan pasti kami,0
azkaafauzan pagii jugaa,0
secretmessagefs nanamjoonie sugarrnunim rangwaraslah nocivante parkminihoonie altheaathanasia rhmwt_rjshjjv taekkeoya uarhope prettytekook euphoriaudy mygenth faranisasky seokjinlogyy yoonssx yoursjimin jhhopebts xmyyoung piwgiest moonszip moonfiora jincardia frxkook busanjungkookie jkvkoo taevran ppublicbutter luvjinkim babytaefloat millktaetea dt_vjm mrsjimnie fzksjn tataacyra cellainax jjkmcmxcvii pagii juga sini muncul dong jangan sembunyi teruss,0
selamat pagii kakak acell semangat todayy,0
pagii cantikk jangan lupa makan,0
pagii jangan lupa beli konten nana,0
pagii adzanaa,0
pagii jugaa,0
pagii cel semangat iya buat hari ini,0
pagii cell,0
lattematchahot pagii juga,0
pagii juga semangat shownya hari ini,0
pagii mbak adzanaa,0
jerryxco masii pagii,0
pagii acell gmna smlm capek gaa smgtt trss yaa,0
pagii acell semangat todayy,0
pagii sarapan apa cel,0
pagii aceliaa sayangkuu,0
pagii cantik,0
nanamjoonie sugarrnunim flauest rangwaraslah nocivante parkminihoonie altheaathanasia rhmwt_rjshjjv taekkeoya uarhope prettytekook euphoriaudy mygenth faranisasky seokjinlogyy yoonssx yoursjimin jhhopebts xmyyoung piwgiest moonszip moonfiora jincardia frxkook busanjungkookie jkvkoo taevran ppublicbutter luvjinkim babytaefloat millktaetea dt_vjm mrsjimnie fzksjn tataacyra cellainax jjkmcmxcvii pagii kangen akuu tidak xixii from sayang taehyung,0
parxzza pagii untuk too yaa,0
pagii selamat,0
hai akak akak selamat pagii enjoy your breakfast ltzyiucy lwihayi chaellnci qsihyeon qkimwinter,1
airaniiofifteen pagii yopii,0
njmgarden pagii jjgaa,0
jwupiterz pagii juraa,0
haii pagii semuanyaa ,0
pagii raraa,0
pagii meng gemes,0
pagii yang lebih kece,0
chirengi pagii yang diawali dengan badmood,0
uryermiese pagii barusan makan nasi bungkus,0
akunnyaaylaa pagii yank lagi tidak punya pekerjaan,0
livxvyy pagii kamu,0
sadsienk selamat pagii,0
skujikk pagii kaa erikaa smoga bahagia selalu sama sayang nyaa avv,0
simjaeuun udaa itt tadi pagii spertiny aku mau nonton film saja ada rekomen tidak katamu film yang bagus,0
cuma pagii ada yang mau isis kuesioner tidak kriteria punya aplikasi my telkomsel butuh orang gais,0
zezebaeze syhunx tenang trnangg ayo kita chill gaiss masih pagii tertawa,0
bytaegist pagii pak,0
auvers pagii ayo mampir kah one tweet aku baru up tadi ini jangan lupa tinggalkan jejak yaa,0
jakaadhinanta pagii nantaa hari ini cuma dirumah saja tidak kemana,0
hellaw erpibadeh selamat pagii,0
rt winterkejut ekhm pagii sudah sayang aku belum hari ini subtadikamezra nestfestivale piecesinheart,0
lovelypjwo pagii yank,0
jhncityx pagii kak sapiyy,0
levitaniae pagii adekk lama tidak kelihatan bagaimana kabarnyaa,0
heartzbeat pagii nunaa tidak ada kelas saatnya tidur lagii,0
ethvers haii selamat pagii mutualan yukk tap avatar sender haechan pakai baju oren jangan lupa facebook iya ,0
rt nctzhalu askzh pagii mari kita saling hype angkatan udara yukk janji hb yaa ,0
rt nctzhalu askzh pagii ayo saling hype angkatan udara jhb yaa,0
pawangsanemi selamat pagii ellii bagaimana kabarnyaa,0
amj jajanan pagii dom bogor mrminyoongii,0
jakaadhinanta pagii nantaa aku harii ini mau beres-beres kamar saja sihh ngomong-ngomong aku now watching pamer aku dapat peringkat satu di sekolahh,0
flyingwithstar olma kamu mksdnya kami kd di selamat di pagii ayha kdpp,0
pagii koko,0
airaniiofifteen pagii bebb,0
ccunarin pagii jangan lupa sarapan ,0
coba deh bilang kah diri sendiri terima kasih iya sudah bertahan sampai sejauh ini pagii selamatyaa jerawat acnefighter acne skincareproducts skincareroutine skincaretips skincare foreva,0
gorgarinn halo mbak cantik selamat pagii,0
bismillah semangat pagii,0
bissmillah selamat pagii,0
haii pagii jogja sayangg ready iya buat hari ini bo vcs wa bojogja avail jogja open ojogja,1
gieviancent pagii kak yaan,0
cookyluvly pagii selamat,0
hourlyimel pagii dik,0
allstuddy mett pagii baru bangu,0
aksellioo pagii aksel,0
lyafuyurin pagii fuyuu,0
pemadamkresahan pagii bang,0
pagii lucu banget kucingnya,0
pulang pergi pagii kak kalau mau un sini dm silverxtne langsung dikerjain sekarang juga fee nya diakhir setelah un yaa biasa semi permanen ayo langsung dm kah silverxtne atau wa yang ada di bio nya cont,0
lm pagii kak kalau mau un sini dm silverxtne langsung dikerjain sekarang juga fee nya diakhir setelah un yaa biasa semi permanen ayo langsung dm kah silverxtne atau wa yang ada di bio nya cont,0
anyaliuu pagii terapisnya egg aku baik kokk hbu ,0
hyuunnby pagii debby,0
najj masi pagii yaallah th_th iddreamsweet terima kasih your support dan doa nya buat aku yaa,0
evelynntsyaa pagii kak evee,0
lufiynojen pagii syakirr,0
pagii kak kalau mau un sini dm silverxtne langsung dikerjain sekarang juga fee nya diakhir setelah un yaa biasa semi permanen langsung dm kah silverxtne atau wa yang ada di bio nya cont,0
lyafuyurin pagii fuyu ,0
pagii semangat iya kamu hari ini have bagus day,0
pagii sudah mau siang nii,0
nacoirei pagii rei semangat menjalani harinya,0
siyxteen pagii kak grizz jangan lupa sarapann,0
semangat pagii masih open commission yaa maaf jarang apdet yang mau order jasa gambar bisa langsung chat saja link wa di bio yaa,0
suunlights pagii jgaa jangan lupaa sarapann,0
jjeteenz pagii marje have bagus dayy yapp bagaimana tidurnyaa,0
radiodbsfm pagii kak mau request calum scott feat lyodra heaven salam buat semua saja yangagi dengarkan trimakasih iya,0
masih pagii kepala sudah panas saja hiihh,0
aidamandry pagii pott yes amin iya rabb,0
rt pagii solo yang mau isislot expobali saya ditggu yy all thnkyy,0
fafaismebaby pagii aku belum padahal,0
